{"height":20,"width":15,"sourceSeeds":[0,24762,24103,12700,5864,1155,24803,29992,18660,19102],"units":[{"members":[{"x":0,"y":0}],"pivot":{"x":4,"y":0}},{"members":[{"x":0,"y":0}],"pivot":{"x":4,"y":0}},{"members":[{"x":0,"y":0}],"pivot":{"x":4,"y":0}},{"members":[{"x":0,"y":0}],"pivot":{"x":4,"y":0}},{"members":[{"x":0,"y":0}],"pivot":{"x":4,"y":0}},{"members":[{"x":0,"y":0}],"pivot":{"x":4,"y":0}},{"members":[{"x":0,"y":0}],"pivot":{"x":4,"y":0}},{"members":[{"x":0,"y":0}],"pivot":{"x":4,"y":0}},{"members":[{"x":1,"y":0},{"x":2,"y":0},{"x":0,"y":1},{"x":2,"y":1},{"x":1,"y":2},{"x":2,"y":2}],"pivot":{"x":3,"y":5}},{"members":[{"x":1,"y":0},{"x":2,"y":0},{"x":0,"y":1},{"x":2,"y":1},{"x":1,"y":2},{"x":2,"y":2}],"pivot":{"x":3,"y":5}},{"members":[{"x":1,"y":0},{"x":2,"y":0},{"x":3,"y":0},{"x":0,"y":1},{"x":3,"y":1},{"x":0,"y":2},{"x":4,"y":2},{"x":0,"y":3},{"x":3,"y":3},{"x":1,"y":4},{"x":2,"y":4},{"x":3,"y":4}],"pivot":{"x":8,"y":6}}],"id":12,"filled":[],"sourceLength":100}