{"height":8,"width":10,"sourceSeeds":[0,26637,10998,4150,23855],"units":[{"members":[{"x":0,"y":0},{"x":1,"y":0},{"x":2,"y":0},{"x":3,"y":0}],"pivot":{"x":1,"y":0}},{"members":[{"x":0,"y":0},{"x":1,"y":0},{"x":2,"y":0}],"pivot":{"x":1,"y":0}},{"members":[{"x":0,"y":0},{"x":1,"y":0},{"x":2,"y":0}],"pivot":{"x":1,"y":0}},{"members":[{"x":0,"y":0},{"x":1,"y":0},{"x":2,"y":0}],"pivot":{"x":1,"y":0}}],"id":9,"filled":[{"x":0,"y":3},{"x":1,"y":3},{"x":2,"y":3},{"x":3,"y":3},{"x":4,"y":3},{"x":5,"y":3}],"sourceLength":400}