{"height":15,"width":15,"sourceSeeds":[0],"units":[{"members":[{"x":0,"y":0}],"pivot":{"x":0,"y":0}}],"id":17,"filled":[{"x":0,"y":8},{"x":1,"y":8},{"x":2,"y":8},{"x":3,"y":8},{"x":5,"y":8},{"x":6,"y":8},{"x":7,"y":8},{"x":8,"y":8},{"x":9,"y":8},{"x":10,"y":8},{"x":11,"y":8},{"x":12,"y":8},{"x":13,"y":8},{"x":14,"y":8},{"x":0,"y":9},{"x":1,"y":9},{"x":2,"y":9},{"x":3,"y":9},{"x":4,"y":9},{"x":5,"y":9},{"x":6,"y":9},{"x":7,"y":9},{"x":8,"y":9},{"x":9,"y":9},{"x":10,"y":9},{"x":11,"y":9},{"x":12,"y":9},{"x":14,"y":9},{"x":0,"y":10},{"x":2,"y":10},{"x":3,"y":10},{"x":4,"y":10},{"x":5,"y":10},{"x":6,"y":10},{"x":7,"y":10},{"x":8,"y":10},{"x":9,"y":10},{"x":10,"y":10},{"x":11,"y":10},{"x":12,"y":10},{"x":13,"y":10},{"x":14,"y":10},{"x":0,"y":11},{"x":1,"y":11},{"x":2,"y":11},{"x":3,"y":11},{"x":4,"y":11},{"x":5,"y":11},{"x":7,"y":11},{"x":8,"y":11},{"x":9,"y":11},{"x":10,"y":11},{"x":11,"y":11},{"x":12,"y":11},{"x":13,"y":11},{"x":14,"y":11},{"x":0,"y":12},{"x":1,"y":12},{"x":2,"y":12},{"x":4,"y":12},{"x":5,"y":12},{"x":6,"y":12},{"x":7,"y":12},{"x":8,"y":12},{"x":9,"y":12},{"x":10,"y":12},{"x":11,"y":12},{"x":12,"y":12},{"x":13,"y":12},{"x":14,"y":12},{"x":0,"y":13},{"x":1,"y":13},{"x":2,"y":13},{"x":3,"y":13},{"x":4,"y":13},{"x":5,"y":13},{"x":6,"y":13},{"x":7,"y":13},{"x":8,"y":13},{"x":9,"y":13},{"x":10,"y":13},{"x":11,"y":13},{"x":13,"y":13},{"x":14,"y":13},{"x":0,"y":14},{"x":1,"y":14},{"x":2,"y":14},{"x":3,"y":14},{"x":4,"y":14},{"x":5,"y":14},{"x":6,"y":14},{"x":7,"y":14},{"x":8,"y":14},{"x":9,"y":14},{"x":10,"y":14},{"x":11,"y":14},{"x":12,"y":14},{"x":13,"y":14}],"sourceLength":100}