{"height":9,"width":10,"sourceSeeds":[0],"units":[{"members":[{"x":0,"y":0},{"x":1,"y":0},{"x":2,"y":0}],"pivot":{"x":1,"y":0}}],"id":23,"filled":[{"x":1,"y":3},{"x":2,"y":3},{"x":3,"y":3},{"x":4,"y":3},{"x":5,"y":3},{"x":6,"y":3},{"x":7,"y":3},{"x":8,"y":3},{"x":1,"y":5},{"x":2,"y":5},{"x":3,"y":5},{"x":4,"y":5},{"x":5,"y":5},{"x":6,"y":5},{"x":7,"y":5},{"x":8,"y":5},{"x":1,"y":7},{"x":2,"y":7},{"x":3,"y":7},{"x":4,"y":7},{"x":5,"y":7},{"x":6,"y":7},{"x":7,"y":7},{"x":8,"y":7}],"sourceLength":100}