{"height":30,"width":30,"sourceSeeds":[0],"units":[{"members":[{"x":0,"y":0}],"pivot":{"x":0,"y":0}},{"members":[{"x":0,"y":0}],"pivot":{"x":0,"y":0}},{"members":[{"x":0,"y":0}],"pivot":{"x":0,"y":0}},{"members":[{"x":0,"y":0}],"pivot":{"x":0,"y":0}},{"members":[{"x":0,"y":0}],"pivot":{"x":0,"y":0}},{"members":[{"x":0,"y":0}],"pivot":{"x":0,"y":0}},{"members":[{"x":0,"y":0}],"pivot":{"x":0,"y":0}},{"members":[{"x":0,"y":0}],"pivot":{"x":0,"y":0}},{"members":[{"x":0,"y":0}],"pivot":{"x":0,"y":0}},{"members":[{"x":0,"y":0}],"pivot":{"x":0,"y":0}},{"members":[{"x":0,"y":0}],"pivot":{"x":3,"y":0}},{"members":[{"x":0,"y":0}],"pivot":{"x":3,"y":0}},{"members":[{"x":0,"y":0}],"pivot":{"x":3,"y":0}},{"members":[{"x":0,"y":0}],"pivot":{"x":3,"y":0}},{"members":[{"x":0,"y":0}],"pivot":{"x":3,"y":0}},{"members":[{"x":0,"y":0}],"pivot":{"x":3,"y":0}},{"members":[{"x":0,"y":0}],"pivot":{"x":3,"y":0}},{"members":[{"x":0,"y":0}],"pivot":{"x":3,"y":0}},{"members":[{"x":0,"y":0}],"pivot":{"x":3,"y":0}},{"members":[{"x":0,"y":0}],"pivot":{"x":3,"y":0}},{"members":[{"x":1,"y":0},{"x":2,"y":0},{"x":3,"y":0},{"x":0,"y":1},{"x":1,"y":1},{"x":2,"y":1},{"x":3,"y":1},{"x":0,"y":2},{"x":2,"y":2},{"x":4,"y":2},{"x":0,"y":3},{"x":1,"y":3},{"x":2,"y":3},{"x":3,"y":3},{"x":0,"y":4},{"x":2,"y":4},{"x":4,"y":4}],"pivot":{"x":2,"y":2}},{"members":[{"x":1,"y":0},{"x":1,"y":1},{"x":2,"y":2},{"x":1,"y":3},{"x":2,"y":3},{"x":1,"y":4},{"x":3,"y":4},{"x":0,"y":5},{"x":3,"y":5}],"pivot":{"x":2,"y":2}},{"members":[{"x":1,"y":0},{"x":1,"y":1},{"x":2,"y":2},{"x":1,"y":3},{"x":2,"y":3},{"x":1,"y":4},{"x":3,"y":4},{"x":0,"y":5},{"x":3,"y":5}],"pivot":{"x":2,"y":2}},{"members":[{"x":1,"y":0},{"x":1,"y":1},{"x":2,"y":2},{"x":1,"y":3},{"x":2,"y":3},{"x":1,"y":4},{"x":3,"y":4},{"x":0,"y":5},{"x":3,"y":5}],"pivot":{"x":2,"y":2}},{"members":[{"x":1,"y":0},{"x":1,"y":1},{"x":2,"y":2},{"x":1,"y":3},{"x":2,"y":3},{"x":1,"y":4},{"x":3,"y":4},{"x":0,"y":5},{"x":3,"y":5}],"pivot":{"x":2,"y":2}},{"members":[{"x":1,"y":0},{"x":1,"y":1},{"x":2,"y":2},{"x":1,"y":3},{"x":2,"y":3},{"x":1,"y":4},{"x":3,"y":4},{"x":0,"y":5},{"x":3,"y":5}],"pivot":{"x":2,"y":2}}],"id":18,"filled":[{"x":9,"y":6},{"x":12,"y":6},{"x":6,"y":7},{"x":7,"y":7},{"x":8,"y":7},{"x":9,"y":7},{"x":10,"y":7},{"x":11,"y":7},{"x":13,"y":7},{"x":15,"y":7},{"x":4,"y":8},{"x":5,"y":8},{"x":6,"y":8},{"x":7,"y":8},{"x":8,"y":8},{"x":9,"y":8},{"x":10,"y":8},{"x":11,"y":8},{"x":12,"y":8},{"x":13,"y":8},{"x":14,"y":8},{"x":15,"y":8},{"x":5,"y":9},{"x":6,"y":9},{"x":8,"y":9},{"x":10,"y":9},{"x":11,"y":9},{"x":12,"y":9},{"x":13,"y":9},{"x":14,"y":9},{"x":15,"y":9},{"x":16,"y":9},{"x":21,"y":9},{"x":22,"y":9},{"x":24,"y":9},{"x":26,"y":9},{"x":27,"y":9},{"x":7,"y":10},{"x":8,"y":10},{"x":9,"y":10},{"x":10,"y":10},{"x":11,"y":10},{"x":16,"y":10},{"x":23,"y":10},{"x":24,"y":10},{"x":25,"y":10},{"x":26,"y":10},{"x":27,"y":10},{"x":28,"y":10},{"x":29,"y":10},{"x":24,"y":11},{"x":26,"y":11},{"x":27,"y":11},{"x":10,"y":21},{"x":14,"y":21},{"x":18,"y":21},{"x":10,"y":22},{"x":15,"y":22},{"x":19,"y":22},{"x":3,"y":23},{"x":9,"y":23},{"x":10,"y":23},{"x":14,"y":23},{"x":19,"y":23},{"x":26,"y":23},{"x":3,"y":24},{"x":4,"y":24},{"x":9,"y":24},{"x":10,"y":24},{"x":14,"y":24},{"x":15,"y":24},{"x":19,"y":24},{"x":20,"y":24},{"x":23,"y":24},{"x":26,"y":24},{"x":2,"y":25},{"x":3,"y":25},{"x":4,"y":25},{"x":8,"y":25},{"x":9,"y":25},{"x":14,"y":25},{"x":19,"y":25},{"x":20,"y":25},{"x":22,"y":25},{"x":23,"y":25},{"x":25,"y":25},{"x":26,"y":25},{"x":2,"y":26},{"x":3,"y":26},{"x":4,"y":26},{"x":5,"y":26},{"x":8,"y":26},{"x":9,"y":26},{"x":11,"y":26},{"x":14,"y":26},{"x":15,"y":26},{"x":20,"y":26},{"x":21,"y":26},{"x":23,"y":26},{"x":24,"y":26},{"x":25,"y":26},{"x":26,"y":26},{"x":28,"y":26},{"x":29,"y":26},{"x":0,"y":27},{"x":1,"y":27},{"x":3,"y":27},{"x":5,"y":27},{"x":6,"y":27},{"x":8,"y":27},{"x":9,"y":27},{"x":10,"y":27},{"x":11,"y":27},{"x":12,"y":27},{"x":13,"y":27},{"x":14,"y":27},{"x":17,"y":27},{"x":18,"y":27},{"x":20,"y":27},{"x":21,"y":27},{"x":22,"y":27},{"x":23,"y":27},{"x":24,"y":27},{"x":25,"y":27},{"x":26,"y":27},{"x":27,"y":27},{"x":29,"y":27},{"x":0,"y":28},{"x":1,"y":28},{"x":2,"y":28},{"x":3,"y":28},{"x":4,"y":28},{"x":5,"y":28},{"x":6,"y":28},{"x":8,"y":28},{"x":9,"y":28},{"x":10,"y":28},{"x":11,"y":28},{"x":12,"y":28},{"x":13,"y":28},{"x":14,"y":28},{"x":15,"y":28},{"x":16,"y":28},{"x":17,"y":28},{"x":19,"y":28},{"x":20,"y":28},{"x":21,"y":28},{"x":22,"y":28},{"x":23,"y":28},{"x":24,"y":28},{"x":26,"y":28},{"x":27,"y":28},{"x":28,"y":28},{"x":29,"y":28},{"x":0,"y":29},{"x":1,"y":29},{"x":2,"y":29},{"x":3,"y":29},{"x":4,"y":29},{"x":5,"y":29},{"x":6,"y":29},{"x":7,"y":29},{"x":9,"y":29},{"x":11,"y":29},{"x":12,"y":29},{"x":14,"y":29},{"x":16,"y":29},{"x":18,"y":29},{"x":19,"y":29},{"x":21,"y":29},{"x":22,"y":29},{"x":23,"y":29},{"x":24,"y":29},{"x":25,"y":29},{"x":26,"y":29},{"x":27,"y":29},{"x":28,"y":29},{"x":29,"y":29}],"sourceLength":1000}