{"height":30,"width":15,"sourceSeeds":[0,679,13639,13948,29639,15385,16783,23862,25221,23027],"units":[{"members":[{"x":2,"y":0},{"x":1,"y":1},{"x":1,"y":2},{"x":0,"y":3},{"x":0,"y":4}],"pivot":{"x":1,"y":2}},{"members":[{"x":3,"y":0},{"x":2,"y":0},{"x":1,"y":1},{"x":1,"y":2},{"x":0,"y":3}],"pivot":{"x":1,"y":1}},{"members":[{"x":2,"y":1},{"x":2,"y":0},{"x":1,"y":1},{"x":1,"y":2},{"x":0,"y":3}],"pivot":{"x":1,"y":1}},{"members":[{"x":1,"y":0},{"x":2,"y":0},{"x":1,"y":1},{"x":1,"y":2},{"x":0,"y":3}],"pivot":{"x":1,"y":1}},{"members":[{"x":1,"y":0},{"x":1,"y":1},{"x":1,"y":2},{"x":0,"y":3},{"x":0,"y":4}],"pivot":{"x":0,"y":2}},{"members":[{"x":2,"y":2},{"x":1,"y":1},{"x":2,"y":0},{"x":1,"y":2},{"x":0,"y":3}],"pivot":{"x":1,"y":1}},{"members":[{"x":3,"y":0},{"x":2,"y":1},{"x":1,"y":1},{"x":1,"y":2},{"x":0,"y":3}],"pivot":{"x":1,"y":1}},{"members":[{"x":3,"y":0},{"x":2,"y":0},{"x":1,"y":0},{"x":0,"y":1},{"x":0,"y":2}],"pivot":{"x":1,"y":1}},{"members":[{"x":2,"y":1},{"x":2,"y":0},{"x":1,"y":0},{"x":0,"y":1},{"x":0,"y":2}],"pivot":{"x":1,"y":1}},{"members":[{"x":1,"y":1},{"x":2,"y":0},{"x":1,"y":0},{"x":0,"y":1},{"x":0,"y":2}],"pivot":{"x":1,"y":1}},{"members":[{"x":0,"y":0},{"x":1,"y":0},{"x":2,"y":0},{"x":0,"y":1},{"x":0,"y":2}],"pivot":{"x":1,"y":1}},{"members":[{"x":1,"y":0},{"x":1,"y":1},{"x":2,"y":1},{"x":1,"y":2},{"x":0,"y":3}],"pivot":{"x":1,"y":1}},{"members":[{"x":1,"y":2},{"x":0,"y":1},{"x":2,"y":0},{"x":1,"y":0},{"x":0,"y":2}],"pivot":{"x":1,"y":1}},{"members":[{"x":0,"y":1},{"x":1,"y":1},{"x":3,"y":0},{"x":2,"y":0},{"x":1,"y":2}],"pivot":{"x":1,"y":1}},{"members":[{"x":0,"y":3},{"x":0,"y":2},{"x":2,"y":0},{"x":1,"y":0},{"x":0,"y":1}],"pivot":{"x":1,"y":1}},{"members":[{"x":0,"y":2},{"x":1,"y":2},{"x":3,"y":0},{"x":2,"y":0},{"x":1,"y":1}],"pivot":{"x":1,"y":1}},{"members":[{"x":2,"y":1},{"x":1,"y":1},{"x":1,"y":0},{"x":0,"y":1},{"x":0,"y":2}],"pivot":{"x":1,"y":1}},{"members":[{"x":2,"y":2},{"x":1,"y":1},{"x":1,"y":0},{"x":0,"y":1},{"x":0,"y":2}],"pivot":{"x":1,"y":1}},{"members":[{"x":1,"y":2},{"x":1,"y":1},{"x":1,"y":0},{"x":0,"y":1},{"x":0,"y":2}],"pivot":{"x":0,"y":1}},{"members":[{"x":0,"y":0},{"x":1,"y":0},{"x":1,"y":1},{"x":0,"y":1},{"x":0,"y":2}],"pivot":{"x":0,"y":1}},{"members":[{"x":0,"y":1},{"x":1,"y":1},{"x":2,"y":1},{"x":2,"y":0},{"x":1,"y":2}],"pivot":{"x":1,"y":1}},{"members":[{"x":0,"y":3},{"x":0,"y":2},{"x":1,"y":1},{"x":1,"y":0},{"x":0,"y":1}],"pivot":{"x":0,"y":1}},{"members":[{"x":1,"y":0},{"x":0,"y":1},{"x":1,"y":1},{"x":1,"y":2},{"x":0,"y":3}],"pivot":{"x":0,"y":1}},{"members":[{"x":0,"y":3},{"x":0,"y":2},{"x":0,"y":0},{"x":1,"y":0},{"x":0,"y":1}],"pivot":{"x":0,"y":1}},{"members":[{"x":1,"y":0},{"x":0,"y":1},{"x":1,"y":2},{"x":0,"y":3},{"x":0,"y":4}],"pivot":{"x":0,"y":2}},{"members":[{"x":0,"y":0},{"x":1,"y":0},{"x":1,"y":1},{"x":1,"y":2},{"x":0,"y":3}],"pivot":{"x":0,"y":1}},{"members":[{"x":1,"y":4},{"x":0,"y":3},{"x":1,"y":0},{"x":1,"y":1},{"x":1,"y":2}],"pivot":{"x":0,"y":2}},{"members":[{"x":3,"y":0},{"x":2,"y":0},{"x":1,"y":1},{"x":0,"y":1},{"x":0,"y":2}],"pivot":{"x":1,"y":1}},{"members":[{"x":2,"y":0},{"x":2,"y":1},{"x":2,"y":2},{"x":1,"y":2},{"x":0,"y":3}],"pivot":{"x":1,"y":1}},{"members":[{"x":2,"y":2},{"x":1,"y":1},{"x":2,"y":0},{"x":0,"y":1},{"x":0,"y":2}],"pivot":{"x":1,"y":1}},{"members":[{"x":2,"y":2},{"x":2,"y":1},{"x":2,"y":0},{"x":1,"y":0},{"x":0,"y":1}],"pivot":{"x":1,"y":1}},{"members":[{"x":0,"y":0},{"x":0,"y":1},{"x":2,"y":2},{"x":1,"y":1},{"x":0,"y":2}],"pivot":{"x":1,"y":1}},{"members":[{"x":0,"y":1},{"x":1,"y":1},{"x":3,"y":1},{"x":3,"y":0},{"x":2,"y":0}],"pivot":{"x":1,"y":0}}],"id":2,"filled":[],"sourceLength":100}