{"height":50,"width":50,"sourceSeeds":[0],"units":[{"members":[{"x":0,"y":0}],"pivot":{"x":0,"y":0}},{"members":[{"x":0,"y":0},{"x":2,"y":0}],"pivot":{"x":1,"y":0}},{"members":[{"x":2,"y":0},{"x":0,"y":1},{"x":2,"y":2}],"pivot":{"x":1,"y":1}}],"id":14,"filled":[{"x":21,"y":5},{"x":22,"y":5},{"x":23,"y":5},{"x":24,"y":5},{"x":25,"y":5},{"x":26,"y":5},{"x":27,"y":5},{"x":28,"y":5},{"x":19,"y":6},{"x":20,"y":6},{"x":21,"y":6},{"x":29,"y":6},{"x":30,"y":6},{"x":31,"y":6},{"x":17,"y":7},{"x":18,"y":7},{"x":31,"y":7},{"x":32,"y":7},{"x":16,"y":8},{"x":17,"y":8},{"x":33,"y":8},{"x":15,"y":9},{"x":16,"y":9},{"x":33,"y":9},{"x":34,"y":9},{"x":14,"y":10},{"x":15,"y":10},{"x":16,"y":10},{"x":17,"y":10},{"x":18,"y":10},{"x":33,"y":10},{"x":34,"y":10},{"x":35,"y":10},{"x":36,"y":10},{"x":12,"y":11},{"x":13,"y":11},{"x":16,"y":11},{"x":18,"y":11},{"x":19,"y":11},{"x":32,"y":11},{"x":33,"y":11},{"x":36,"y":11},{"x":12,"y":12},{"x":16,"y":12},{"x":20,"y":12},{"x":21,"y":12},{"x":31,"y":12},{"x":32,"y":12},{"x":34,"y":12},{"x":37,"y":12},{"x":38,"y":12},{"x":11,"y":13},{"x":16,"y":13},{"x":21,"y":13},{"x":29,"y":13},{"x":30,"y":13},{"x":33,"y":13},{"x":38,"y":13},{"x":11,"y":14},{"x":17,"y":14},{"x":22,"y":14},{"x":23,"y":14},{"x":28,"y":14},{"x":29,"y":14},{"x":33,"y":14},{"x":39,"y":14},{"x":10,"y":15},{"x":17,"y":15},{"x":23,"y":15},{"x":24,"y":15},{"x":26,"y":15},{"x":27,"y":15},{"x":32,"y":15},{"x":39,"y":15},{"x":10,"y":16},{"x":17,"y":16},{"x":25,"y":16},{"x":26,"y":16},{"x":32,"y":16},{"x":40,"y":16},{"x":9,"y":17},{"x":17,"y":17},{"x":24,"y":17},{"x":26,"y":17},{"x":32,"y":17},{"x":40,"y":17},{"x":9,"y":18},{"x":18,"y":18},{"x":23,"y":18},{"x":24,"y":18},{"x":27,"y":18},{"x":28,"y":18},{"x":32,"y":18},{"x":41,"y":18},{"x":9,"y":19},{"x":18,"y":19},{"x":21,"y":19},{"x":22,"y":19},{"x":28,"y":19},{"x":29,"y":19},{"x":31,"y":19},{"x":41,"y":19},{"x":9,"y":20},{"x":19,"y":20},{"x":20,"y":20},{"x":21,"y":20},{"x":30,"y":20},{"x":31,"y":20},{"x":41,"y":20},{"x":9,"y":21},{"x":18,"y":21},{"x":19,"y":21},{"x":30,"y":21},{"x":31,"y":21},{"x":41,"y":21},{"x":9,"y":22},{"x":18,"y":22},{"x":19,"y":22},{"x":31,"y":22},{"x":32,"y":22},{"x":33,"y":22},{"x":41,"y":22},{"x":8,"y":23},{"x":16,"y":23},{"x":17,"y":23},{"x":19,"y":23},{"x":30,"y":23},{"x":33,"y":23},{"x":41,"y":23},{"x":9,"y":24},{"x":16,"y":24},{"x":20,"y":24},{"x":30,"y":24},{"x":34,"y":24},{"x":35,"y":24},{"x":41,"y":24},{"x":8,"y":25},{"x":14,"y":25},{"x":15,"y":25},{"x":20,"y":25},{"x":29,"y":25},{"x":35,"y":25},{"x":36,"y":25},{"x":41,"y":25},{"x":9,"y":26},{"x":13,"y":26},{"x":14,"y":26},{"x":20,"y":26},{"x":29,"y":26},{"x":37,"y":26},{"x":41,"y":26},{"x":9,"y":27},{"x":11,"y":27},{"x":12,"y":27},{"x":20,"y":27},{"x":29,"y":27},{"x":37,"y":27},{"x":38,"y":27},{"x":40,"y":27},{"x":9,"y":28},{"x":11,"y":28},{"x":21,"y":28},{"x":29,"y":28},{"x":39,"y":28},{"x":40,"y":28},{"x":9,"y":29},{"x":10,"y":29},{"x":11,"y":29},{"x":12,"y":29},{"x":13,"y":29},{"x":14,"y":29},{"x":15,"y":29},{"x":16,"y":29},{"x":17,"y":29},{"x":18,"y":29},{"x":19,"y":29},{"x":20,"y":29},{"x":21,"y":29},{"x":22,"y":29},{"x":23,"y":29},{"x":24,"y":29},{"x":25,"y":29},{"x":26,"y":29},{"x":27,"y":29},{"x":28,"y":29},{"x":29,"y":29},{"x":30,"y":29},{"x":31,"y":29},{"x":32,"y":29},{"x":33,"y":29},{"x":34,"y":29},{"x":35,"y":29},{"x":36,"y":29},{"x":37,"y":29},{"x":38,"y":29},{"x":39,"y":29},{"x":40,"y":29},{"x":10,"y":30},{"x":21,"y":30},{"x":28,"y":30},{"x":40,"y":30},{"x":10,"y":31},{"x":21,"y":31},{"x":28,"y":31},{"x":40,"y":31},{"x":11,"y":32},{"x":22,"y":32},{"x":28,"y":32},{"x":40,"y":32},{"x":11,"y":33},{"x":22,"y":33},{"x":27,"y":33},{"x":38,"y":33},{"x":39,"y":33},{"x":12,"y":34},{"x":22,"y":34},{"x":27,"y":34},{"x":39,"y":34},{"x":12,"y":35},{"x":22,"y":35},{"x":26,"y":35},{"x":38,"y":35},{"x":13,"y":36},{"x":23,"y":36},{"x":27,"y":36},{"x":37,"y":36},{"x":38,"y":36},{"x":13,"y":37},{"x":23,"y":37},{"x":26,"y":37},{"x":36,"y":37},{"x":14,"y":38},{"x":15,"y":38},{"x":24,"y":38},{"x":26,"y":38},{"x":35,"y":38},{"x":36,"y":38},{"x":15,"y":39},{"x":24,"y":39},{"x":25,"y":39},{"x":34,"y":39},{"x":16,"y":40},{"x":17,"y":40},{"x":18,"y":40},{"x":24,"y":40},{"x":25,"y":40},{"x":32,"y":40},{"x":33,"y":40},{"x":34,"y":40},{"x":18,"y":41},{"x":19,"y":41},{"x":20,"y":41},{"x":24,"y":41},{"x":29,"y":41},{"x":30,"y":41},{"x":31,"y":41},{"x":21,"y":42},{"x":22,"y":42},{"x":23,"y":42},{"x":24,"y":42},{"x":25,"y":42},{"x":26,"y":42},{"x":27,"y":42},{"x":28,"y":42},{"x":29,"y":42}],"sourceLength":500}