{"height":8,"width":10,"sourceSeeds":[0,28581,10596,4491,19012,8000,14104,20240,2629,5696],"units":[{"members":[{"x":0,"y":0},{"x":1,"y":0},{"x":2,"y":0},{"x":3,"y":0}],"pivot":{"x":1,"y":0}},{"members":[{"x":0,"y":0}],"pivot":{"x":0,"y":0}},{"members":[{"x":0,"y":0}],"pivot":{"x":0,"y":0}},{"members":[{"x":0,"y":0}],"pivot":{"x":0,"y":0}},{"members":[{"x":0,"y":0}],"pivot":{"x":0,"y":0}},{"members":[{"x":0,"y":0}],"pivot":{"x":0,"y":0}},{"members":[{"x":0,"y":0}],"pivot":{"x":0,"y":0}},{"members":[{"x":0,"y":0}],"pivot":{"x":0,"y":0}}],"id":8,"filled":[],"sourceLength":400}