{"height":20,"width":15,"sourceSeeds":[0],"units":[{"members":[{"x":0,"y":0}],"pivot":{"x":0,"y":0}},{"members":[{"x":0,"y":0},{"x":1,"y":0}],"pivot":{"x":0,"y":0}},{"members":[{"x":0,"y":0},{"x":1,"y":0},{"x":2,"y":0}],"pivot":{"x":1,"y":0}},{"members":[{"x":0,"y":0},{"x":1,"y":0},{"x":0,"y":1}],"pivot":{"x":0,"y":0}},{"members":[{"x":0,"y":0},{"x":1,"y":0},{"x":1,"y":1}],"pivot":{"x":1,"y":0}}],"id":16,"filled":[{"x":0,"y":9},{"x":0,"y":18},{"x":0,"y":19},{"x":1,"y":9},{"x":1,"y":18},{"x":2,"y":6},{"x":2,"y":12},{"x":2,"y":16},{"x":3,"y":5},{"x":3,"y":8},{"x":3,"y":11},{"x":4,"y":9},{"x":4,"y":10},{"x":4,"y":16},{"x":4,"y":18},{"x":5,"y":9},{"x":5,"y":14},{"x":5,"y":19},{"x":6,"y":17},{"x":7,"y":6},{"x":7,"y":13},{"x":8,"y":6},{"x":8,"y":8},{"x":8,"y":14},{"x":9,"y":10},{"x":9,"y":11},{"x":10,"y":10},{"x":10,"y":12},{"x":10,"y":15},{"x":10,"y":18},{"x":11,"y":5},{"x":12,"y":7},{"x":12,"y":8},{"x":13,"y":8},{"x":13,"y":11},{"x":13,"y":18},{"x":14,"y":10}],"sourceLength":100}