{"height":8,"width":10,"sourceSeeds":[0],"units":[{"members":[{"x":0,"y":0}],"pivot":{"x":0,"y":0}}],"id":21,"filled":[{"x":1,"y":2},{"x":2,"y":2},{"x":3,"y":3},{"x":4,"y":3},{"x":3,"y":2},{"x":4,"y":2},{"x":5,"y":3},{"x":6,"y":3},{"x":5,"y":2},{"x":6,"y":2},{"x":7,"y":3},{"x":8,"y":3},{"x":7,"y":2},{"x":8,"y":2},{"x":9,"y":3},{"x":1,"y":4},{"x":2,"y":4},{"x":3,"y":5},{"x":4,"y":5},{"x":3,"y":4},{"x":4,"y":4},{"x":5,"y":5},{"x":6,"y":5},{"x":5,"y":4},{"x":6,"y":4},{"x":7,"y":5},{"x":8,"y":5},{"x":7,"y":4},{"x":8,"y":4},{"x":9,"y":5},{"x":1,"y":6},{"x":2,"y":6},{"x":3,"y":7},{"x":4,"y":7},{"x":3,"y":6},{"x":4,"y":6},{"x":5,"y":7},{"x":6,"y":7},{"x":5,"y":6},{"x":6,"y":6},{"x":7,"y":7},{"x":8,"y":7},{"x":7,"y":6},{"x":8,"y":6},{"x":9,"y":7}],"sourceLength":20}